<?xml version='1.0' encoding='UTF-8'?>
<!DOCTYPE IdentityTrigger PUBLIC "sailpoint.dtd" "sailpoint.dtd">
<IdentityTrigger handler="sailpoint.api.WorkflowTriggerHandler" name="Manager Form Generated Event" type="Rule">
  <Owner>
    <Reference class="sailpoint.object.Identity" name="triplek"/>
  </Owner>
  <HandlerParameters>
    <Attributes>
      <Map>
        <entry key="businessProcess"/>
        <entry key="identityProcessingThreshold"/>
        <entry key="identityProcessingThresholdType"/>
        <entry key="workflow" value="Contractor Termination Date Check"/>
      </Map>
    </Attributes>
  </HandlerParameters>
  <TriggerRule>
    <Reference class="sailpoint.object.Rule" name="Termination Date Rule"/>
  </TriggerRule>
</IdentityTrigger>